CHR	SNP	BP	A1	A2	FRQ_A_12882	FRQ_U_21770	INFO	OR	SE	P	Direction	HetISqt	HetPVa	isNovel	betahat
1	rs12103	1247494	T	C	0.216	0.201	0.728	1.11249	0.0242	1.056e-05	+++++++--++++++	0	0.8854	FALSE	0.106600746253814
10	rs12722515	6081230	A	C	0.146	0.154	0.993	0.92256	0.0237	0.0006617	--+++------+-+-	16.8	0.1563	FALSE	-0.0806028645320996
10	rs2050392	30691503	A	G	0.603	0.591	0.955	1.07251	0.0175	6.317e-05	+++-+++++++-+-+	10.9	0.2084	FALSE	0.0700016957858908
10	rs34779708	35466185	T	G	0.627	0.654	1	0.89092	0.0174	3.208e-11	-------+-------	5.3	0.2617	FALSE	-0.115500642298853
10	rs2153283	59972299	A	C	0.206	0.221	0.999	0.91998	0.0205	4.833e-05	----+------+-+-	11.8	0.2009	FALSE	-0.0834033483057841
1	rs72634258	8150638	T	C	0.85	0.833	0.984	1.15662	0.0234	4.64e-10	++-+++++++-++++	12.8	0.1916	FALSE	0.145501958655418
10	rs10761659	64445564	A	G	0.424	0.459	0.963	0.85053	0.0172	4.072e-21	--------------+	45.6	0.009197	FALSE	-0.161895594399705
10	rs2688608	75658349	T	G	0.572	0.561	1	1.05591	0.0169	0.001262	+++++-+++++++++	0	0.602	FALSE	0.054402954379292
10	rs1250566	81046453	A	G	0.278	0.303	0.96	0.89351	0.019	2.963e-09	---------------	41.8	0.0166	FALSE	-0.112597752503482
10	rs7097656	82250831	T	C	0.178	0.196	1.01	0.9081	0.0214	6.936e-06	---------+-+---	0	0.602	FALSE	-0.0964007742863544
10	rs11187157	94502244	T	C	0.574	0.587	0.694	0.91686	0.0203	1.875e-05	--++---------+-	30.7	0.05885	FALSE	-0.0868004901369162
10	rs10748781	101283330	A	C	0.527	0.565	0.931	0.8382	0.0174	4.278e-24	-----------+---	14.9	0.1726	FALSE	-0.176498543491166
10	rs2274351	104264107	T	C	0.564	0.549	1	1.08307	0.0169	2.182e-06	+++++++++++-+++	0	0.7641	TRUE	0.0797996012024758
1	rs34920465	22700351	A	G	0.841	0.821	0.996	1.14855	0.0226	8.23e-10	++-+++++-++-+++	26.6	0.08259	FALSE	0.138500277245105
1	rs7547569	67731368	T	C	0.964	0.931	0.933	2.00351	0.0422	7.854e-61	+++++++++++++++	61.6	0.000139	FALSE	0.694900642346892
1	rs10889881	71023684	T	C	0.711	0.709	1	1.00753	0.0184	0.6821	++--+-+-+-+--+-	0	0.8052	FALSE	0.00750179107032261
1	rs34856868	92554283	A	G	0.0216	0.0216	0.531	0.91851	0.0772	0.2707	-+++--++--+++--	0	0.8232	TRUE	-0.0850024870699465
11	rs907611	1874072	A	G	0.326	0.313	0.932	1.08741	0.0188	8.252e-06	++++++++++-++++	0	0.6455	FALSE	0.0837987219353288
11	rs11229555	58408687	T	G	0.238	0.246	1	0.92663	0.0195	9.686e-05	+-+------------	0	0.6492	FALSE	-0.0762009300937354
11	rs1535	61597972	A	G	0.655	0.673	1	0.93351	0.0177	9.988e-05	-------+-----++	13.8	0.1822	FALSE	-0.0688036036849463
11	rs11230563	60776209	T	C	0.327	0.346	0.998	0.92035	0.0177	2.786e-06	-------+-+-+--+	11.2	0.2055	FALSE	-0.083001246503406
11	rs732072	65427568	A	G	0.072	0.0786	0.984	0.92404	0.0321	0.01403	------+--+----+	0	0.5104	FALSE	-0.0789999182341498
11	rs559928	64150370	T	C	0.165	0.179	1	0.91183	0.0222	3.128e-05	-+-----+---+-+-	0	0.454	FALSE	-0.0923017097918708
11	rs11236797	76299649	A	C	0.492	0.457	0.971	1.16848	0.017	4.75e-20	+++++++++++++-+	0.5	0.3083	FALSE	0.155703758889663
11	rs4397880	87083443	T	C	0.288	0.279	0.998	1.02994	0.0185	0.1106	+-+-+--+++++++-	0	0.5403	FALSE	0.0295005481176215
11	rs3922	118765600	A	G	0.592	0.583	0.969	1.03407	0.0173	0.05237	+++-+++++++---+	0	0.5091	FALSE	0.0335024720540013
1	rs4845604	151801680	A	G	0.132	0.142	0.919	0.89539	0.0256	1.623e-05	-----+-0-------	0	0.6177	FALSE	-0.110495901430623
1	rs490608	155682870	T	C	0.354	0.339	0.985	1.07058	0.0177	0.0001166	+-+++-++++++++-	14.2	0.1791	FALSE	0.0682005576892554
1	rs2297559	160854526	A	G	0.705	0.689	0.978	1.08872	0.0185	4.264e-06	+++++++++++-+--	33.2	0.04652	FALSE	0.085002694269925
1	rs10800309	161472158	A	G	0.366	0.337	0.963	1.15385	0.0179	1.248e-15	+++++++++++++++	16.9	0.1553	FALSE	0.143104176968451
1	rs6025	169519049	T	C	0.0246	0.0275	0.929	0.82489	0.0553	0.0005007	--------++-----	0	0.5038	TRUE	-0.192505234870468
1	rs2488397	197701279	C	G	0.224	0.215	0.996	1.07337	0.0202	0.0004436	++-+++++++++---	7.2	0.2434	FALSE	0.0708032317954
1	rs35730213	200874229	C	G	0.245	0.273	0.967	0.8595	0.0194	6.907e-15	---------------	0	0.842	FALSE	-0.151404454159233
12	rs11054935	12648843	A	G	0.721	0.732	0.988	0.94412	0.0188	0.002233	---+--+-+----+-	10.2	0.2152	FALSE	-0.0575020022714588
12	rs1388585	40531691	A	G	0.968	0.98	0.981	0.66918	0.0544	1.486e-13	------------+--	22.5	0.1114	FALSE	-0.401702196747637
1	rs3024493	206943968	A	C	0.186	0.16	0.98	1.23738	0.0222	8.476e-22	+++++++++++++++	0	0.6494	FALSE	0.212996241061874
12	rs11168249	48208368	T	C	0.52	0.54	0.955	0.92969	0.0172	2.131e-05	+------------+-	0	0.5379	FALSE	-0.0729040817360731
12	rs12318183	68503836	A	C	0.407	0.378	0.995	1.14248	0.0172	9.12e-15	+++++++++++++--	57.5	0.0005818	FALSE	0.133201338162541
12	rs3184504	111884608	T	C	0.521	0.506	0.986	1.0753	0.017	2e-05	++-+++-++++-+-+	11.8	0.2004	TRUE	0.0725996924143435
12	rs11064881	120146925	A	G	0.0813	0.0745	0.971	1.09024	0.0312	0.005684	++-+++++-++++--	4.2	0.2726	TRUE	0.0863978554904648
13	rs12585310	27528347	A	G	0.329	0.316	0.926	1.07026	0.0186	0.0002668	++-++-++++--+++	21.9	0.1156	FALSE	0.0679016096105729
13	rs941823	41013977	T	C	0.226	0.243	0.997	0.90883	0.0198	1.372e-06	-+-------------	0	0.6467	FALSE	-0.0955972209967065
13	rs9557207	100036418	A	G	0.793	0.777	1	1.09494	0.0204	8.643e-06	+++++++-+++-+++	0	0.4824	FALSE	0.0906995672466416
14	rs10142466	69271784	A	G	0.504	0.484	0.988	1.09046	0.0168	2.655e-07	+++++-+++++++++	26.5	0.08356	FALSE	0.0865996255649787
14	rs1569328	75741751	T	C	0.153	0.163	0.969	0.93286	0.0233	0.002858	-+-+---------+-	0	0.7761	FALSE	-0.0695001429845276
14	rs55808324	88444752	A	G	0.106	0.0939	1	1.16288	0.0278	5.718e-08	+++-+++++-+++-+	1.3	0.3003	FALSE	0.150899686785615
15	rs17293632	67442596	T	C	0.251	0.227	0.966	1.16114	0.0199	5.707e-14	+++++++++++-++-	23.6	0.1029	FALSE	0.149402281147864
15	rs7165170	91181489	A	C	0.822	0.814	0.991	1.06641	0.0218	0.003124	+-+-++++-++-+++	0	0.4935	FALSE	0.064297867182731
16	rs11641184	11704651	A	C	0.491	0.481	0.962	1.06481	0.0172	0.0002633	++++++-+-+-+-++	38.6	0.02538	FALSE	0.0627963794896769
16	rs7404095	23864590	T	C	0.411	0.429	0.99	0.92543	0.0171	5.632e-06	-------------+-	0	0.9237	FALSE	-0.0774967846210443
16	rs62037363	28865042	T	C	0.605	0.627	0.974	0.89915	0.0175	1.317e-09	------+--------	0	0.6046	FALSE	-0.106305406370931
16	rs11641016	86014881	C	G	0.824	0.812	0.895	1.09845	0.0232	5.071e-05	+++++++-+-+++++	-2	0.3333	FALSE	0.0939000951930513
17	rs9889296	32570547	A	G	0.257	0.276	0.998	0.90023	0.019	3.153e-08	-+-------+-+---	45	0.0101	FALSE	-0.105104992751029
17	rs4795397	38023745	A	G	0.498	0.534	0.991	0.86641	0.0168	1.361e-17	---------------	0	0.5858	FALSE	-0.143397041349038
17	rs744166	40514201	A	G	0.607	0.58	0.986	1.12829	0.0172	2.157e-12	+++++++++++-+++	29.4	0.06591	FALSE	0.120703212231913
17	rs1292053	57963537	A	G	0.541	0.556	1	0.93679	0.0167	9.606e-05	--------++-+-++	8.7	0.2295	FALSE	-0.0652961413926661
18	rs2847278	12778715	T	C	0.824	0.845	0.974	0.86036	0.0227	3.591e-11	-----------+-++	42.1	0.01593	FALSE	-0.150404372673905
18	rs7240004	46395022	A	G	0.634	0.621	0.931	1.08426	0.018	7.032e-06	+-++-++++++++-+	24.1	0.09986	FALSE	0.0808977266559906
18	rs17207042	67537351	T	C	0.504	0.502	0.942	1.05012	0.0172	0.004439	+-+++-++++----+	39.2	0.02372	FALSE	0.0489044433536029
19	rs35164067	10525181	A	G	0.189	0.207	0.992	0.89727	0.0211	2.917e-07	--+--+--------+	32.2	0.05126	FALSE	-0.108398458871277
19	rs17694108	33731551	A	G	0.304	0.283	0.847	1.10849	0.0198	1.931e-07	+++++++-+++-+++	-1.3	0.326	FALSE	0.102998728833718
19	rs17771967	55380214	A	G	0.548	0.562	0.931	0.9606	0.0175	0.02201	+-+---++--+----	26.7	0.08238	FALSE	-0.040197189751413
20	rs6058869	31348750	T	C	0.422	0.406	0.998	1.05696	0.017	0.001103	++++++++++++-++	0	0.66	FALSE	0.0553968632202877
20	rs4243971	30849517	T	G	0.431	0.448	1.01	0.94082	0.0168	0.0002817	---------+-----	0	0.9736	FALSE	-0.061003443560332
20	rs6074022	44740196	T	C	0.73	0.744	1.01	0.93053	0.0189	0.0001427	-----+-----+--+	0	0.7542	FALSE	-0.0720009626887629
20	rs913678	48955424	T	C	0.673	0.664	0.979	1.08491	0.0182	7.507e-06	++++++---++++-+	28.8	0.06926	FALSE	0.081497034243183
20	rs259964	57824309	A	G	0.473	0.455	0.987	1.07972	0.0169	5.654e-06	+++-++-+++++++-	0	0.729	FALSE	0.0767017482633775
20	rs6062496	62329099	A	G	0.6	0.565	0.893	1.17939	0.018	5.479e-20	++-++++++++++-+	31.3	0.05596	FALSE	0.164997355660751
2	rs13407913	25097644	A	G	0.545	0.556	0.995	0.94374	0.0168	0.000589	------+++-----+	42.9	0.01407	FALSE	-0.0579045745015309
2	rs2279990	28636740	A	G	0.587	0.571	0.923	1.07176	0.0177	8.761e-05	++-+++--+++++++	-4.3	0.3554	FALSE	0.0693021569865934
2	rs78487399	43809347	C	G	0.108	0.0952	0.976	1.17657	0.0278	4.907e-09	+-+++++++-+-+++	0	0.5412	FALSE	0.162603425927851
2	rs7608910	61204856	A	G	0.576	0.611	0.992	0.87101	0.0171	6.975e-16	---------------	0	0.5972	FALSE	-0.138101821139284
2	rs6740462	65667272	A	C	0.754	0.74	0.985	1.06237	0.0195	0.001861	++-++++++-++++-	0	0.9346	FALSE	0.0605022613895267
21	rs1297258	16806709	T	C	0.39	0.422	0.98	0.89021	0.0172	1.371e-11	-------------+-	-6.2	0.3738	FALSE	-0.116297889032788
2	rs1420098	102984279	T	C	0.64	0.618	0.996	1.09232	0.0173	3.597e-07	+++++++++++++-+	0	0.6021	FALSE	0.0883038746878331
21	rs2836883	40466744	A	G	0.236	0.271	0.941	0.82193	0.0201	1.722e-22	---+----+----+-	36.3	0.03354	FALSE	-0.19610004570297
21	rs8127691	45614860	T	C	0.416	0.381	1	1.155	0.017	2.871e-17	+++++++++-+++++	43.9	0.01209	FALSE	0.144100343973757
2	rs4664304	160794008	A	G	0.479	0.465	1.01	1.03852	0.0169	0.02506	-++-+-++-+-+++-	7.4	0.2415	TRUE	0.0377966226945664
2	rs1990760	163124051	T	C	0.577	0.596	0.956	0.94686	0.0174	0.001739	---+-+----+--+-	8	0.2362	FALSE	-0.0546040319940407
2	rs1517352	191931464	A	C	0.388	0.4	1	0.92663	0.0172	9.645e-06	-+-+-------+---	0	0.4799	FALSE	-0.0762009300937354
22	rs2266961	21928597	C	G	0.785	0.811	0.981	0.8781	0.0209	5.377e-10	---------------	0	0.9132	FALSE	-0.129994796616187
22	rs1003342	30570022	A	G	0.485	0.459	0.988	1.09966	0.0168	1.671e-08	++-+++++-++++++	4.1	0.2733	FALSE	0.0950010411167935
22	rs2143178	39660829	T	C	0.852	0.832	0.987	1.17739	0.0233	2.214e-12	+++++++++++++++	0	0.5078	FALSE	0.163300124285655
2	rs11677953	219121663	A	G	0.427	0.408	0.986	1.10252	0.0171	1.053e-08	+++++++++++++-+	-13.1	0.439	FALSE	0.0975984687638946
2	rs4676410	241563739	A	G	0.208	0.188	0.859	1.16731	0.0227	8.847e-12	+++-+++--+++++-	66.2	1.72e-05	FALSE	0.154701956417821
3	rs11708026	18741802	A	G	0.847	0.86	1	0.89628	0.0236	3.343e-06	-------+---+---	-2.7	0.3396	FALSE	-0.109502414825161
3	rs9836291	49697459	A	G	0.343	0.301	1.02	1.19125	0.0177	5.965e-23	+++++++++++-+-+	0	0.6762	FALSE	0.175003175986275
4	rs2073505	3444503	A	G	0.0924	0.0822	0.931	1.14248	0.0309	1.624e-05	+++-+++-+-+++++	43.2	0.01355	TRUE	0.133201338162541
4	rs4692386	26132361	T	C	0.378	0.395	1	0.93305	0.0172	5.579e-05	-------+-+-+---	0	0.4626	TRUE	-0.0692964890026564
4	rs6856616	38325036	T	C	0.925	0.932	0.967	0.89924	0.033	0.001288	--------+--+---	0	0.6925	TRUE	-0.106205316846328
4	rs2457996	74856535	T	C	0.893	0.887	1	1.07262	0.0269	0.009009	++--++-++++++--	0	0.5309	FALSE	0.0701042536729151
4	rs7657746	123161619	A	G	0.765	0.75	0.996	1.07821	0.0195	0.0001161	+++++++++-+++-+	-0.5	0.3183	FALSE	0.0753022587095424
5	rs3776414	10689562	T	G	0.595	0.616	0.995	0.93146	0.0172	3.737e-05	--+----------+-	0	0.7147	FALSE	-0.0710020313547231
5	rs395157	38867732	T	C	0.51	0.495	0.972	1.07638	0.017	1.514e-05	+-+-+++++++++++	0	0.6233	TRUE	0.0736035592446318
5	rs6880778	40399096	A	G	0.351	0.396	1	0.82878	0.0173	2.144e-27	---------------	63	7.981e-05	FALSE	-0.187800539042214
5	rs4703855	71693899	T	C	0.285	0.297	0.988	0.93407	0.0185	0.0002219	-------------+-	0	0.9366	TRUE	-0.0682038970948312
5	rs1363907	96252803	A	G	0.427	0.409	1.01	1.09232	0.0169	1.875e-07	+++++-+++++-+++	38.6	0.02538	FALSE	0.0883038746878331
5	rs55722650	131607300	T	C	0.436	0.41	0.992	1.14077	0.017	9.874e-15	+-+++++++++-+++	13.8	0.1825	FALSE	0.13170347299691
5	rs56399423	131672657	T	C	0.546	0.576	1	0.86927	0.0169	9.447e-17	-+---------+---	30.9	0.058	FALSE	-0.140101500018331
5	rs449454	141533062	A	G	0.35	0.368	0.987	0.92487	0.0176	8.851e-06	-+---+-+-----+-	20.5	0.1263	FALSE	-0.0781020918869996
5	rs17800987	150323428	A	G	0.897	0.919	0.879	0.81734	0.0305	3.707e-11	-----------+---	29.6	0.06492	FALSE	-0.201700114020558
5	rs56167332	158827769	A	C	0.364	0.335	0.892	1.16929	0.0185	3.26e-17	+++++++++++++++	-5.5	0.3667	FALSE	0.156396727002363
5	rs564349	172324978	A	G	0.669	0.684	0.98	0.93782	0.0181	0.0004075	--+--------+-+-	0	0.8271	TRUE	-0.0641972460452074
5	rs4976646	176788570	T	C	0.65	0.664	0.903	0.93641	0.0185	0.0003837	--++-----------	0	0.55	FALSE	-0.0657018642254792
6	rs17119	14719496	A	G	0.809	0.791	0.98	1.13247	0.0213	5.367e-09	+++++++++-+++-+	0	0.4556	FALSE	0.124401087957959
6	rs2328546	20657345	T	C	0.183	0.2	1	0.89253	0.0212	8.564e-08	---------------	0	0.7079	FALSE	-0.113695152447884
6	rs1847472	90973159	A	C	0.326	0.346	0.999	0.91539	0.0177	5.752e-07	-+------+----+-	-9.5	0.4047	FALSE	-0.0884050750084128
6	rs4946717	106474749	T	C	0.49	0.505	0.982	0.93193	0.0169	2.902e-05	-----+-----+---	20.4	0.1272	FALSE	-0.0704975744133774
6	rs2179070	111885752	T	C	0.923	0.935	0.971	0.83185	0.033	2.389e-08	--+----+-------	45.9	0.008758	FALSE	-0.184103142876385
6	rs6933404	137959235	T	C	0.775	0.792	0.995	0.89539	0.0203	4.828e-08	---+--+------+-	34.4	0.04093	FALSE	-0.110495901430623
6	rs12199775	143898894	A	G	0.942	0.933	1	1.14763	0.0351	8.897e-05	++++++++-++-+--	-3.4	0.3464	FALSE	0.137698946296111
6	rs444210	167390242	A	G	0.436	0.465	1	0.89628	0.0168	7.391e-11	---------------	25.5	0.08976	FALSE	-0.109502414825161
7	rs1456896	50304461	T	C	0.709	0.688	1	1.10076	0.0182	1.428e-07	+-+++++++++---+	43.1	0.01361	FALSE	0.0960008503274274
7	rs2395022	98750379	A	C	0.0531	0.0453	0.981	1.18388	0.039	1.514e-05	+++++++--++++-+	0.4	0.3094	FALSE	0.168797179974067
7	rs314313	100423365	T	C	0.684	0.702	0.975	0.92932	0.0183	6.014e-05	--++-----------	-13.2	0.4401	FALSE	-0.0733021430750498
7	rs38911	116895163	A	G	0.45	0.467	1	0.94299	0.0167	0.0004445	-+------+----++	28.8	0.06937	FALSE	-0.0586996008587778
8	rs17057051	27227554	A	G	0.706	0.693	0.999	1.06258	0.0182	0.0008522	+-+++++++-+---+	29.1	0.06787	TRUE	0.0606999130996222
8	rs10956252	126536137	C	G	0.365	0.387	0.999	0.90375	0.0173	5.049e-09	---------------	18.1	0.1455	FALSE	-0.101202505509163
8	rs13277237	130604563	A	G	0.54	0.56	0.974	0.92017	0.017	1.008e-06	---------+---+-	0	0.7723	FALSE	-0.0831968434005588
9	rs4743820	93928416	T	C	0.719	0.705	0.976	1.09068	0.0187	3.529e-06	+-+-++++-+++-++	2.1	0.2928	FALSE	0.0868013549365424
9	rs7848647	117569046	T	C	0.29	0.319	0.996	0.87162	0.0183	5.555e-14	-----------+---	0	0.7031	FALSE	-0.13740172986929
9	rs4077515	139266496	T	C	0.45	0.409	0.978	1.1965	0.0172	1.5e-25	+++++++++++-+++	6.8	0.2472	FALSE	0.179400628366291
